MonthYear,Date,Model,QuantitySold,ASP,Revenue,Cost,Profit,MonthlyProduction,MonthlyDelivery
Jan-18,01-01-2018,Model S,1674,95000,159030000,111321000,47709000,1716,1662
Feb-18,01-02-2018,Model S,2374,95000,225530000,157871000,67659000,2453,2309
Mar-18,01-03-2018,Model S,2606,95000,247570000,173299000,74271000,2725,2574
Apr-18,01-04-2018,Model S,1130,95000,107350000,75145000,32205000,1153,1128
May-18,01-05-2018,Model S,2515,95000,238925000,167247500,71677500,2636,2439
Jun-18,01-06-2018,Model S,2052,95000,194940000,136458000,58482000,2104,2009
Jul-18,01-07-2018,Model S,918,95000,87210000,61047000,26163000,936,891
Aug-18,01-08-2018,Model S,1326,95000,125970000,88179000,37791000,1376,1291
Sep-18,01-09-2018,Model S,1975,95000,187625000,131337500,56287500,2028,1921
Oct-18,01-10-2018,Model S,1562,95000,148390000,103873000,44517000,1611,1561
Nov-18,01-11-2018,Model S,2654,95000,252130000,176491000,75639000,2710,2622
Dec-18,01-12-2018,Model S,3221,95000,305995000,214196500,91798500,3328,3125
Jan-19,01-01-2019,Model S,1440,95000,136800000,95760000,41040000,1510,1431
Feb-19,01-02-2019,Model S,2126,95000,201970000,141379000,60591000,2183,2105
Mar-19,01-03-2019,Model S,1863,95000,176985000,123889500,53095500,1902,1857
Apr-19,01-04-2019,Model S,2955,95000,280725000,196507500,84217500,3030,2933
May-19,01-05-2019,Model S,2021,95000,191995000,134396500,57598500,2092,1993
Jun-19,01-06-2019,Model S,2625,95000,249375000,174562500,74812500,2753,2607
Jul-19,01-07-2019,Model S,1044,95000,99180000,69426000,29754000,1077,1041
Aug-19,01-08-2019,Model S,1633,95000,155135000,108594500,46540500,1681,1611
Sep-19,01-09-2019,Model S,2275,95000,216125000,151287500,64837500,2323,2228
Oct-19,01-10-2019,Model S,1337,95000,127015000,88910500,38104500,1385,1320
Nov-19,01-11-2019,Model S,3427,95000,325565000,227895500,97669500,3524,3379
Dec-19,01-12-2019,Model S,2289,95000,217455000,152218500,65236500,2389,2225
Jan-20,01-01-2020,Model S,2130,95000,202350000,141645000,60705000,2197,2084
Feb-20,01-02-2020,Model S,1945,95000,184775000,129342500,55432500,1995,1928
Mar-20,01-03-2020,Model S,1488,95000,141360000,98952000,42408000,1552,1446
Apr-20,01-04-2020,Model S,3278,95000,311410000,217987000,93423000,3407,3269
May-20,01-05-2020,Model S,1200,95000,114000000,79800000,34200000,1246,1175
Jun-20,01-06-2020,Model S,1577,95000,149815000,104870500,44944500,1623,1545
Jul-20,01-07-2020,Model S,2831,95000,268945000,188261500,80683500,2937,2769
Aug-20,01-08-2020,Model S,2313,95000,219735000,153814500,65920500,2392,2251
Sep-20,01-09-2020,Model S,2485,95000,236075000,165252500,70822500,2597,2464
Oct-20,01-10-2020,Model S,1502,95000,142690000,99883000,42807000,1566,1479
Nov-20,01-11-2020,Model S,1461,95000,138795000,97156500,41638500,1521,1422
Dec-20,01-12-2020,Model S,2608,95000,247760000,173432000,74328000,2675,2599
Jan-21,01-01-2021,Model S,1406,95000,133570000,93499000,40071000,1457,1393
Feb-21,01-02-2021,Model S,2950,95000,280250000,196175000,84075000,3045,2928
Mar-21,01-03-2021,Model S,2161,95000,205295000,143706500,61588500,2265,2134
Apr-21,01-04-2021,Model S,2819,95000,267805000,187463500,80341500,2954,2802
May-21,01-05-2021,Model S,1795,95000,170525000,119367500,51157500,1874,1751
Jun-21,01-06-2021,Model S,3130,95000,297350000,208145000,89205000,3243,3111
Jul-21,01-07-2021,Model S,2246,95000,213370000,149359000,64011000,2312,2186
Aug-21,01-08-2021,Model S,2160,95000,205200000,143640000,61560000,2245,2095
Sep-21,01-09-2021,Model S,1972,95000,187340000,131138000,56202000,2062,1913
Oct-21,01-10-2021,Model S,2479,95000,235505000,164853500,70651500,2568,2440
Nov-21,01-11-2021,Model S,2369,95000,225055000,157538500,67516500,2440,2364
Dec-21,01-12-2021,Model S,2762,95000,262390000,183673000,78717000,2863,2712
Jan-22,01-01-2022,Model S,2567,95000,243865000,170705500,73159500,2693,2564
Feb-22,01-02-2022,Model S,2372,95000,225340000,157738000,67602000,2439,2303
Mar-22,01-03-2022,Model S,3318,95000,315210000,220647000,94563000,3481,3259
Apr-22,01-04-2022,Model S,1854,95000,176130000,123291000,52839000,1906,1848
May-22,01-05-2022,Model S,2661,95000,252795000,176956500,75838500,2725,2620
Jun-22,01-06-2022,Model S,2829,95000,268755000,188128500,80626500,2932,2794
Jul-22,01-07-2022,Model S,1081,95000,102695000,71886500,30808500,1114,1056
Aug-22,01-08-2022,Model S,1163,95000,110485000,77339500,33145500,1199,1150
Sep-22,01-09-2022,Model S,1197,95000,113715000,79600500,34114500,1235,1190
Oct-22,01-10-2022,Model S,3191,95000,303145000,212201500,90943500,3334,3125
Nov-22,01-11-2022,Model S,2933,95000,278635000,195044500,83590500,3043,2904
Dec-22,01-12-2022,Model S,3622,95000,344090000,240863000,103227000,3771,3601
Jan-23,01-01-2023,Model S,2460,95000,233700000,163590000,70110000,2522,2437
Feb-23,01-02-2023,Model S,2396,95000,227620000,159334000,68286000,2481,2384
Mar-23,01-03-2023,Model S,2942,95000,279490000,195643000,83847000,3030,2863
Apr-23,01-04-2023,Model S,3198,95000,303810000,212667000,91143000,3313,3168
May-23,01-05-2023,Model S,1262,95000,119890000,83923000,35967000,1312,1255
Jun-23,01-06-2023,Model S,2116,95000,201020000,140714000,60306000,2191,2069
Jul-23,01-07-2023,Model S,2094,95000,198930000,139251000,59679000,2196,2066
Aug-23,01-08-2023,Model S,1964,95000,186580000,130606000,55974000,2040,1925
Sep-23,01-09-2023,Model S,2682,95000,254790000,178353000,76437000,2794,2673
Oct-23,01-10-2023,Model S,3199,95000,303905000,212733500,91171500,3301,3188
Nov-23,01-11-2023,Model S,1708,95000,162260000,113582000,48678000,1746,1665
Dec-23,01-12-2023,Model S,2567,95000,243865000,170705500,73159500,2669,2534
Jan-24,01-01-2024,Model S,2246,95000,213370000,149359000,64011000,2335,2178
Feb-24,01-02-2024,Model S,2627,95000,249565000,174695500,74869500,2703,2586
Mar-24,01-03-2024,Model S,2053,95000,195035000,136524500,58510500,2107,2035
Apr-24,01-04-2024,Model S,1397,95000,132715000,92900500,39814500,1438,1386
May-24,01-05-2024,Model S,2919,95000,277305000,194113500,83191500,3042,2894
Jun-24,01-06-2024,Model S,1720,95000,163400000,114380000,49020000,1783,1673
Jul-24,01-07-2024,Model S,1322,95000,125590000,87913000,37677000,1358,1292
Aug-24,01-08-2024,Model S,2776,95000,263720000,184604000,79116000,2913,2733
Sep-24,01-09-2024,Model S,2799,95000,265905000,186133500,79771500,2907,2781
Oct-24,01-10-2024,Model S,1797,95000,170715000,119500500,51214500,1867,1779
Nov-24,01-11-2024,Model S,2629,95000,249755000,174828500,74926500,2696,2607
Dec-24,01-12-2024,Model S,1740,95000,165300000,115710000,49590000,1804,1727
Jan-25,01-01-2025,Model S,914,95000,86830000,60781000,26049000,959,899
Feb-25,01-02-2025,Model S,1862,95000,176890000,123823000,53067000,1950,1826
Mar-25,01-03-2025,Model S,2906,95000,276070000,193249000,82821000,3047,2847
Apr-25,01-04-2025,Model S,1301,95000,123595000,86516500,37078500,1364,1299
May-25,01-05-2025,Model S,1992,95000,189240000,132468000,56772000,2036,1950
Jun-25,01-06-2025,Model S,3156,95000,299820000,209874000,89946000,3244,3107
Jul-25,01-07-2025,Model S,2758,95000,262010000,183407000,78603000,2859,2752
Aug-25,01-08-2025,Model S,1412,95000,134140000,93898000,40242000,1479,1372
Sep-25,01-09-2025,Model S,1625,95000,154375000,108062500,46312500,1687,1624
Jan-18,01-01-2018,Model X,1944,100000,194400000,136080000,58320000,1997,1902
Feb-18,01-02-2018,Model X,1785,100000,178500000,124950000,53550000,1866,1738
Mar-18,01-03-2018,Model X,1517,100000,151700000,106190000,45510000,1563,1484
Apr-18,01-04-2018,Model X,1958,100000,195800000,137060000,58740000,2021,1914
May-18,01-05-2018,Model X,1607,100000,160700000,112490000,48210000,1683,1583
Jun-18,01-06-2018,Model X,3200,100000,320000000,224000000,96000000,3324,3122
Jul-18,01-07-2018,Model X,2699,100000,269900000,188930000,80970000,2809,2682
Aug-18,01-08-2018,Model X,1953,100000,195300000,136710000,58590000,2044,1896
Sep-18,01-09-2018,Model X,2577,100000,257700000,180390000,77310000,2635,2544
Oct-18,01-10-2018,Model X,2053,100000,205300000,143710000,61590000,2114,2000
Nov-18,01-11-2018,Model X,2533,100000,253300000,177310000,75990000,2605,2501
Dec-18,01-12-2018,Model X,2693,100000,269300000,188510000,80790000,2767,2615
Jan-19,01-01-2019,Model X,2705,100000,270500000,189350000,81150000,2788,2634
Feb-19,01-02-2019,Model X,1972,100000,197200000,138040000,59160000,2060,1928
Mar-19,01-03-2019,Model X,2985,100000,298500000,208950000,89550000,3100,2903
Apr-19,01-04-2019,Model X,2076,100000,207600000,145320000,62280000,2129,2039
May-19,01-05-2019,Model X,2066,100000,206600000,144620000,61980000,2146,2049
Jun-19,01-06-2019,Model X,1541,100000,154100000,107870000,46230000,1616,1527
Jul-19,01-07-2019,Model X,2593,100000,259300000,181510000,77790000,2706,2536
Aug-19,01-08-2019,Model X,2544,100000,254400000,178080000,76320000,2651,2486
Sep-19,01-09-2019,Model X,2697,100000,269700000,188790000,80910000,2828,2683
Oct-19,01-10-2019,Model X,2616,100000,261600000,183120000,78480000,2722,2542
Nov-19,01-11-2019,Model X,1924,100000,192400000,134680000,57720000,1971,1880
Dec-19,01-12-2019,Model X,3004,100000,300400000,210280000,90120000,3072,2930
Jan-20,01-01-2020,Model X,2214,100000,221400000,154980000,66420000,2276,2211
Feb-20,01-02-2020,Model X,1712,100000,171200000,119840000,51360000,1774,1692
Mar-20,01-03-2020,Model X,1518,100000,151800000,106260000,45540000,1550,1498
Apr-20,01-04-2020,Model X,2658,100000,265800000,186060000,79740000,2771,2579
May-20,01-05-2020,Model X,3197,100000,319700000,223790000,95910000,3269,3110
Jun-20,01-06-2020,Model X,1357,100000,135700000,94990000,40710000,1418,1344
Jul-20,01-07-2020,Model X,2184,100000,218400000,152880000,65520000,2228,2168
Aug-20,01-08-2020,Model X,1386,100000,138600000,97020000,41580000,1433,1351
Sep-20,01-09-2020,Model X,2957,100000,295700000,206990000,88710000,3073,2872
Oct-20,01-10-2020,Model X,2981,100000,298100000,208670000,89430000,3097,2895
Nov-20,01-11-2020,Model X,2568,100000,256800000,179760000,77040000,2620,2562
Dec-20,01-12-2020,Model X,2972,100000,297200000,208040000,89160000,3107,2941
Jan-21,01-01-2021,Model X,1543,100000,154300000,108010000,46290000,1602,1540
Feb-21,01-02-2021,Model X,1311,100000,131100000,91770000,39330000,1338,1294
Mar-21,01-03-2021,Model X,2832,100000,283200000,198240000,84960000,2956,2804
Apr-21,01-04-2021,Model X,2898,100000,289800000,202860000,86940000,3011,2850
May-21,01-05-2021,Model X,1890,100000,189000000,132300000,56700000,1974,1868
Jun-21,01-06-2021,Model X,2940,100000,294000000,205800000,88200000,3083,2931
Jul-21,01-07-2021,Model X,2501,100000,250100000,175070000,75030000,2571,2442
Aug-21,01-08-2021,Model X,2272,100000,227200000,159040000,68160000,2318,2210
Sep-21,01-09-2021,Model X,1234,100000,123400000,86380000,37020000,1271,1221
Oct-21,01-10-2021,Model X,1804,100000,180400000,126280000,54120000,1885,1751
Nov-21,01-11-2021,Model X,1697,100000,169700000,118790000,50910000,1744,1671
Dec-21,01-12-2021,Model X,2126,100000,212600000,148820000,63780000,2212,2102
Jan-22,01-01-2022,Model X,1450,100000,145000000,101500000,43500000,1480,1424
Feb-22,01-02-2022,Model X,1998,100000,199800000,139860000,59940000,2054,1948
Mar-22,01-03-2022,Model X,1738,100000,173800000,121660000,52140000,1802,1715
Apr-22,01-04-2022,Model X,2322,100000,232200000,162540000,69660000,2397,2278
May-22,01-05-2022,Model X,1295,100000,129500000,90650000,38850000,1334,1292
Jun-22,01-06-2022,Model X,1297,100000,129700000,90790000,38910000,1332,1284
Jul-22,01-07-2022,Model X,1330,100000,133000000,93100000,39900000,1386,1294
Aug-22,01-08-2022,Model X,2246,100000,224600000,157220000,67380000,2326,2212
Sep-22,01-09-2022,Model X,1928,100000,192800000,134960000,57840000,1985,1921
Oct-22,01-10-2022,Model X,1376,100000,137600000,96320000,41280000,1405,1374
Nov-22,01-11-2022,Model X,3294,100000,329400000,230580000,98820000,3368,3226
Dec-22,01-12-2022,Model X,2012,100000,201200000,140840000,60360000,2093,1980
Jan-23,01-01-2023,Model X,2456,100000,245600000,171920000,73680000,2551,2415
Feb-23,01-02-2023,Model X,2089,100000,208900000,146230000,62670000,2168,2061
Mar-23,01-03-2023,Model X,2826,100000,282600000,197820000,84780000,2946,2808
Apr-23,01-04-2023,Model X,1768,100000,176800000,123760000,53040000,1809,1764
May-23,01-05-2023,Model X,2409,100000,240900000,168630000,72270000,2461,2376
Jun-23,01-06-2023,Model X,2473,100000,247300000,173110000,74190000,2577,2439
Jul-23,01-07-2023,Model X,2759,100000,275900000,193130000,82770000,2823,2688
Aug-23,01-08-2023,Model X,2067,100000,206700000,144690000,62010000,2160,2058
Sep-23,01-09-2023,Model X,2453,100000,245300000,171710000,73590000,2508,2430
Oct-23,01-10-2023,Model X,1369,100000,136900000,95830000,41070000,1412,1364
Nov-23,01-11-2023,Model X,2537,100000,253700000,177590000,76110000,2593,2467
Dec-23,01-12-2023,Model X,1614,100000,161400000,112980000,48420000,1674,1607
Jan-24,01-01-2024,Model X,2308,100000,230800000,161560000,69240000,2410,2304
Feb-24,01-02-2024,Model X,1274,100000,127400000,89180000,38220000,1322,1249
Mar-24,01-03-2024,Model X,2598,100000,259800000,181860000,77940000,2656,2580
Apr-24,01-04-2024,Model X,2405,100000,240500000,168350000,72150000,2503,2350
May-24,01-05-2024,Model X,2754,100000,275400000,192780000,82620000,2818,2712
Jun-24,01-06-2024,Model X,1944,100000,194400000,136080000,58320000,2006,1919
Jul-24,01-07-2024,Model X,2594,100000,259400000,181580000,77820000,2655,2525
Aug-24,01-08-2024,Model X,2325,100000,232500000,162750000,69750000,2423,2302
Sep-24,01-09-2024,Model X,1547,100000,154700000,108290000,46410000,1622,1517
Oct-24,01-10-2024,Model X,2592,100000,259200000,181440000,77760000,2650,2555
Nov-24,01-11-2024,Model X,2457,100000,245700000,171990000,73710000,2577,2384
Dec-24,01-12-2024,Model X,1964,100000,196400000,137480000,58920000,2036,1924
Jan-25,01-01-2025,Model X,1151,100000,115100000,80570000,34530000,1192,1150
Feb-25,01-02-2025,Model X,2206,100000,220600000,154420000,66180000,2266,2185
Mar-25,01-03-2025,Model X,2797,100000,279700000,195790000,83910000,2896,2765
Apr-25,01-04-2025,Model X,2749,100000,274900000,192430000,82470000,2828,2748
May-25,01-05-2025,Model X,2789,100000,278900000,195230000,83670000,2893,2780
Jun-25,01-06-2025,Model X,3334,100000,333400000,233380000,100020000,3492,3329
Jul-25,01-07-2025,Model X,1784,100000,178400000,124880000,53520000,1867,1754
Aug-25,01-08-2025,Model X,1680,100000,168000000,117600000,50400000,1730,1638
Sep-25,01-09-2025,Model X,1875,100000,187500000,131250000,56250000,1938,1838
Jan-18,01-01-2018,Model 3,33228,45000,1495260000,1046682000,448578000,34157,32590
Feb-18,01-02-2018,Model 3,8851,45000,398295000,278806500,119488500,9289,8770
Mar-18,01-03-2018,Model 3,47334,45000,2130030000,1491021000,639009000,48677,46497
Apr-18,01-04-2018,Model 3,40547,45000,1824615000,1277230500,547384500,41687,39492
May-18,01-05-2018,Model 3,10713,45000,482085000,337459500,144625500,11061,10578
Jun-18,01-06-2018,Model 3,15892,45000,715140000,500598000,214542000,16409,15859
Jul-18,01-07-2018,Model 3,25913,45000,1166085000,816259500,349825500,26860,25263
Aug-18,01-08-2018,Model 3,5413,45000,243585000,170509500,73075500,5582,5382
Sep-18,01-09-2018,Model 3,13415,45000,603675000,422572500,181102500,14079,13164
Oct-18,01-10-2018,Model 3,28833,45000,1297485000,908239500,389245500,29739,28806
Nov-18,01-11-2018,Model 3,12534,45000,564030000,394821000,169209000,12998,12181
Dec-18,01-12-2018,Model 3,16111,45000,724995000,507496500,217498500,16633,15759
Jan-19,01-01-2019,Model 3,41348,45000,1860660000,1302462000,558198000,42268,40965
Feb-19,01-02-2019,Model 3,33845,45000,1523025000,1066117500,456907500,35283,33756
Mar-19,01-03-2019,Model 3,30002,45000,1350090000,945063000,405027000,31294,29952
Apr-19,01-04-2019,Model 3,37201,45000,1674045000,1171831500,502213500,38366,36354
May-19,01-05-2019,Model 3,43765,45000,1969425000,1378597500,590827500,44970,42812
Jun-19,01-06-2019,Model 3,28296,45000,1273320000,891324000,381996000,29607,28089
Jul-19,01-07-2019,Model 3,28491,45000,1282095000,897466500,384628500,29366,27733
Aug-19,01-08-2019,Model 3,17540,45000,789300000,552510000,236790000,18152,17264
Sep-19,01-09-2019,Model 3,33538,45000,1509210000,1056447000,452763000,34518,33353
Oct-19,01-10-2019,Model 3,13427,45000,604215000,422950500,181264500,13921,13377
Nov-19,01-11-2019,Model 3,50198,45000,2258910000,1581237000,677673000,52090,49414
Dec-19,01-12-2019,Model 3,21266,45000,956970000,669879000,287091000,22173,21023
Jan-20,01-01-2020,Model 3,38196,45000,1718820000,1203174000,515646000,39882,38085
Feb-20,01-02-2020,Model 3,16245,45000,731025000,511717500,219307500,17047,16054
Mar-20,01-03-2020,Model 3,13667,45000,615015000,430510500,184504500,14101,13436
Apr-20,01-04-2020,Model 3,15209,45000,684405000,479083500,205321500,15672,14987
May-20,01-05-2020,Model 3,36703,45000,1651635000,1156144500,495490500,38439,35929
Jun-20,01-06-2020,Model 3,50492,45000,2272140000,1590498000,681642000,52940,49200
Jul-20,01-07-2020,Model 3,22370,45000,1006650000,704655000,301995000,23147,21872
Aug-20,01-08-2020,Model 3,37738,45000,1698210000,1188747000,509463000,39602,37163
Sep-20,01-09-2020,Model 3,9300,45000,418500000,292950000,125550000,9544,9182
Oct-20,01-10-2020,Model 3,11254,45000,506430000,354501000,151929000,11522,10959
Nov-20,01-11-2020,Model 3,11799,45000,530955000,371668500,159286500,12176,11691
Dec-20,01-12-2020,Model 3,50062,45000,2252790000,1576953000,675837000,51681,49873
Jan-21,01-01-2021,Model 3,34590,45000,1556550000,1089585000,466965000,35974,33731
Feb-21,01-02-2021,Model 3,14682,45000,660690000,462483000,198207000,14993,14315
Mar-21,01-03-2021,Model 3,44672,45000,2010240000,1407168000,603072000,45802,43450
Apr-21,01-04-2021,Model 3,44144,45000,1986480000,1390536000,595944000,45498,44003
May-21,01-05-2021,Model 3,47928,45000,2156760000,1509732000,647028000,49610,47482
Jun-21,01-06-2021,Model 3,30055,45000,1352475000,946732500,405742500,30739,29587
Jul-21,01-07-2021,Model 3,43398,45000,1952910000,1367037000,585873000,44372,43233
Aug-21,01-08-2021,Model 3,21835,45000,982575000,687802500,294772500,22518,21181
Sep-21,01-09-2021,Model 3,18568,45000,835560000,584892000,250668000,18986,18343
Oct-21,01-10-2021,Model 3,27195,45000,1223775000,856642500,367132500,27909,26681
Nov-21,01-11-2021,Model 3,14402,45000,648090000,453663000,194427000,14957,14129
Dec-21,01-12-2021,Model 3,51709,45000,2326905000,1628833500,698071500,53860,50254
Jan-22,01-01-2022,Model 3,18030,45000,811350000,567945000,243405000,18527,17874
Feb-22,01-02-2022,Model 3,20727,45000,932715000,652900500,279814500,21666,20571
Mar-22,01-03-2022,Model 3,6857,45000,308565000,215995500,92569500,7016,6743
Apr-22,01-04-2022,Model 3,44650,45000,2009250000,1406475000,602775000,46075,43450
May-22,01-05-2022,Model 3,43518,45000,1958310000,1370817000,587493000,44880,42238
Jun-22,01-06-2022,Model 3,36672,45000,1650240000,1155168000,495072000,37503,36160
Jul-22,01-07-2022,Model 3,8668,45000,390060000,273042000,117018000,9072,8562
Aug-22,01-08-2022,Model 3,42806,45000,1926270000,1348389000,577881000,44118,42355
Sep-22,01-09-2022,Model 3,31734,45000,1428030000,999621000,428409000,32924,31483
Oct-22,01-10-2022,Model 3,17910,45000,805950000,564165000,241785000,18668,17604
Nov-22,01-11-2022,Model 3,12324,45000,554580000,388206000,166374000,12710,12079
Dec-22,01-12-2022,Model 3,25329,45000,1139805000,797863500,341941500,26326,25002
Jan-23,01-01-2023,Model 3,13650,45000,614250000,429975000,184275000,14127,13375
Feb-23,01-02-2023,Model 3,29721,45000,1337445000,936211500,401233500,30526,28920
Mar-23,01-03-2023,Model 3,6935,45000,312075000,218452500,93622500,7124,6760
Apr-23,01-04-2023,Model 3,15589,45000,701505000,491053500,210451500,15981,15540
May-23,01-05-2023,Model 3,18046,45000,812070000,568449000,243621000,18434,17514
Jun-23,01-06-2023,Model 3,9790,45000,440550000,308385000,132165000,10274,9529
Jul-23,01-07-2023,Model 3,41784,45000,1880280000,1316196000,564084000,43834,41615
Aug-23,01-08-2023,Model 3,41944,45000,1887480000,1321236000,566244000,44009,41303
Sep-23,01-09-2023,Model 3,18234,45000,820530000,574371000,246159000,19047,18079
Oct-23,01-10-2023,Model 3,15954,45000,717930000,502551000,215379000,16546,15609
Nov-23,01-11-2023,Model 3,38895,45000,1750275000,1225192500,525082500,39912,38857
Dec-23,01-12-2023,Model 3,32955,45000,1482975000,1038082500,444892500,33811,32694
Jan-24,01-01-2024,Model 3,39645,45000,1784025000,1248817500,535207500,40574,39181
Feb-24,01-02-2024,Model 3,42779,45000,1925055000,1347538500,577516500,44380,41693
Mar-24,01-03-2024,Model 3,46993,45000,2114685000,1480279500,634405500,48683,45656
Apr-24,01-04-2024,Model 3,5009,45000,225405000,157783500,67621500,5191,4941
May-24,01-05-2024,Model 3,44809,45000,2016405000,1411483500,604921500,46138,44553
Jun-24,01-06-2024,Model 3,14187,45000,638415000,446890500,191524500,14529,13762
Jul-24,01-07-2024,Model 3,29280,45000,1317600000,922320000,395280000,30279,28763
Aug-24,01-08-2024,Model 3,29927,45000,1346715000,942700500,404014500,30621,29792
Sep-24,01-09-2024,Model 3,17219,45000,774855000,542398500,232456500,18061,16766
Oct-24,01-10-2024,Model 3,13567,45000,610515000,427360500,183154500,14241,13243
Nov-24,01-11-2024,Model 3,13820,45000,621900000,435330000,186570000,14123,13712
Dec-24,01-12-2024,Model 3,51371,45000,2311695000,1618186500,693508500,52472,51034
Jan-25,01-01-2025,Model 3,42148,45000,1896660000,1327662000,568998000,43939,41894
Feb-25,01-02-2025,Model 3,23583,45000,1061235000,742864500,318370500,24186,23042
Mar-25,01-03-2025,Model 3,5330,45000,239850000,167895000,71955000,5520,5227
Apr-25,01-04-2025,Model 3,19060,45000,857700000,600390000,257310000,19777,18878
May-25,01-05-2025,Model 3,14510,45000,652950000,457065000,195885000,15110,14466
Jun-25,01-06-2025,Model 3,13444,45000,604980000,423486000,181494000,13834,13342
Jul-25,01-07-2025,Model 3,21216,45000,954720000,668304000,286416000,22007,20805
Aug-25,01-08-2025,Model 3,14621,45000,657945000,460561500,197383500,15081,14420
Sep-25,01-09-2025,Model 3,41455,45000,1865475000,1305832500,559642500,42568,40886
Jan-18,01-01-2018,Model Y,46041,53000,2440173000,1708121100,732051900,48259,45526
Feb-18,01-02-2018,Model Y,31067,53000,1646551000,1152585700,493965300,32334,30290
Mar-18,01-03-2018,Model Y,85390,53000,4525670000,3167969000,1357701000,88366,84727
Apr-18,01-04-2018,Model Y,10922,53000,578866000,405206200,173659800,11398,10644
May-18,01-05-2018,Model Y,76656,53000,4062768000,2843937600,1218830400,79814,76146
Jun-18,01-06-2018,Model Y,12952,53000,686456000,480519200,205936800,13224,12784
Jul-18,01-07-2018,Model Y,38038,53000,2016014000,1411209800,604804200,39362,37758
Aug-18,01-08-2018,Model Y,50577,53000,2680581000,1876406700,804174300,52834,49227
Sep-18,01-09-2018,Model Y,81907,53000,4341071000,3038749700,1302321300,84668,80933
Oct-18,01-10-2018,Model Y,30103,53000,1595459000,1116821300,478637700,30840,29406
Nov-18,01-11-2018,Model Y,14443,53000,765479000,535835300,229643700,15043,14287
Dec-18,01-12-2018,Model Y,52149,53000,2763897000,1934727900,829169100,54076,51704
Jan-19,01-01-2019,Model Y,73183,53000,3878699000,2715089300,1163609700,75045,72982
Feb-19,01-02-2019,Model Y,77692,53000,4117676000,2882373200,1235302800,79775,76348
Mar-19,01-03-2019,Model Y,90380,53000,4790140000,3353098000,1437042000,93854,90140
Apr-19,01-04-2019,Model Y,83319,53000,4415907000,3091134900,1324772100,86249,82347
May-19,01-05-2019,Model Y,66942,53000,3547926000,2483548200,1064377800,69739,66124
Jun-19,01-06-2019,Model Y,52410,53000,2777730000,1944411000,833319000,54346,51933
Jul-19,01-07-2019,Model Y,63251,53000,3352303000,2346612100,1005690900,64559,62589
Aug-19,01-08-2019,Model Y,33868,53000,1795004000,1256502800,538501200,35130,33468
Sep-19,01-09-2019,Model Y,96066,53000,5091498000,3564048600,1527449400,100109,95876
Oct-19,01-10-2019,Model Y,13797,53000,731241000,511868700,219372300,14449,13433
Nov-19,01-11-2019,Model Y,33721,53000,1787213000,1251049100,536163900,35391,33558
Dec-19,01-12-2019,Model Y,30718,53000,1628054000,1139637800,488416200,31638,30083
Jan-20,01-01-2020,Model Y,44353,53000,2350709000,1645496300,705212700,46026,43553
Feb-20,01-02-2020,Model Y,59637,53000,3160761000,2212532700,948228300,62161,58215
Mar-20,01-03-2020,Model Y,51685,53000,2739305000,1917513500,821791500,52725,50651
Apr-20,01-04-2020,Model Y,35150,53000,1862950000,1304065000,558885000,36290,35006
May-20,01-05-2020,Model Y,83509,53000,4425977000,3098183900,1327793100,86046,81872
Jun-20,01-06-2020,Model Y,71149,53000,3770897000,2639627900,1131269100,74532,70267
Jul-20,01-07-2020,Model Y,46722,53000,2476266000,1733386200,742879800,48290,45517
Aug-20,01-08-2020,Model Y,69773,53000,3697969000,2588578300,1109390700,71514,67750
Sep-20,01-09-2020,Model Y,56240,53000,2980720000,2086504000,894216000,57976,55532
Oct-20,01-10-2020,Model Y,14757,53000,782121000,547484700,234636300,15149,14408
Nov-20,01-11-2020,Model Y,39580,53000,2097740000,1468418000,629322000,40582,39533
Dec-20,01-12-2020,Model Y,62832,53000,3330096000,2331067200,999028800,65139,62569
Jan-21,01-01-2021,Model Y,28409,53000,1505677000,1053973900,451703100,29826,27984
Feb-21,01-02-2021,Model Y,76968,53000,4079304000,2855512800,1223791200,79223,75576
Mar-21,01-03-2021,Model Y,13106,53000,694618000,486232600,208385400,13450,13065
Apr-21,01-04-2021,Model Y,12079,53000,640187000,448130900,192056100,12490,11943
May-21,01-05-2021,Model Y,52460,53000,2780380000,1946266000,834114000,54252,51775
Jun-21,01-06-2021,Model Y,29871,53000,1583163000,1108214100,474948900,30731,29614
Jul-21,01-07-2021,Model Y,34978,53000,1853834000,1297683800,556150200,36238,34433
Aug-21,01-08-2021,Model Y,19336,53000,1024808000,717365600,307442400,20047,18845
Sep-21,01-09-2021,Model Y,65168,53000,3453904000,2417732800,1036171200,67125,63360
Oct-21,01-10-2021,Model Y,58770,53000,3114810000,2180367000,934443000,60603,57484
Nov-21,01-11-2021,Model Y,89910,53000,4765230000,3335661000,1429569000,93128,89372
Dec-21,01-12-2021,Model Y,96572,53000,5118316000,3582821200,1535494800,98955,95749
Jan-22,01-01-2022,Model Y,82119,53000,4352307000,3046614900,1305692100,84766,81014
Feb-22,01-02-2022,Model Y,58595,53000,3105535000,2173874500,931660500,60173,58018
Mar-22,01-03-2022,Model Y,88257,53000,4677621000,3274334700,1403286300,90297,87727
Apr-22,01-04-2022,Model Y,82258,53000,4359674000,3051771800,1307902200,86093,81164
May-22,01-05-2022,Model Y,89111,53000,4722883000,3306018100,1416864900,91159,87087
Jun-22,01-06-2022,Model Y,43912,53000,2327336000,1629135200,698200800,45584,43657
Jul-22,01-07-2022,Model Y,19957,53000,1057721000,740404700,317316300,20593,19758
Aug-22,01-08-2022,Model Y,87232,53000,4623296000,3236307200,1386988800,89743,86960
Sep-22,01-09-2022,Model Y,16150,53000,855950000,599165000,256785000,16779,16022
Oct-22,01-10-2022,Model Y,70500,53000,3736500000,2615550000,1120950000,71966,68768
Nov-22,01-11-2022,Model Y,25051,53000,1327703000,929392100,398310900,26035,24828
Dec-22,01-12-2022,Model Y,55524,53000,2942772000,2059940400,882831600,57996,54427
Jan-23,01-01-2023,Model Y,22822,53000,1209566000,846696200,362869800,23538,22541
Feb-23,01-02-2023,Model Y,22136,53000,1173208000,821245600,351962400,22807,21985
Mar-23,01-03-2023,Model Y,76141,53000,4035473000,2824831100,1210641900,78336,76023
Apr-23,01-04-2023,Model Y,27771,53000,1471863000,1030304100,441558900,28443,27661
May-23,01-05-2023,Model Y,29063,53000,1540339000,1078237300,462101700,30503,28601
Jun-23,01-06-2023,Model Y,49978,53000,2648834000,1854183800,794650200,51615,48512
Jul-23,01-07-2023,Model Y,11315,53000,599695000,419786500,179908500,11793,11212
Aug-23,01-08-2023,Model Y,63696,53000,3375888000,2363121600,1012766400,65386,63017
Sep-23,01-09-2023,Model Y,61693,53000,3269729000,2288810300,980918700,64748,60815
Oct-23,01-10-2023,Model Y,86908,53000,4606124000,3224286800,1381837200,90448,86081
Nov-23,01-11-2023,Model Y,69439,53000,3680267000,2576186900,1104080100,72732,67601
Dec-23,01-12-2023,Model Y,50655,53000,2684715000,1879300500,805414500,52425,49237
Jan-24,01-01-2024,Model Y,28962,53000,1534986000,1074490200,460495800,30107,28814
Feb-24,01-02-2024,Model Y,10459,53000,554327000,388028900,166298100,10701,10189
Mar-24,01-03-2024,Model Y,64287,53000,3407211000,2385047700,1022163300,67308,64043
Apr-24,01-04-2024,Model Y,14263,53000,755939000,529157300,226781700,14655,14106
May-24,01-05-2024,Model Y,57924,53000,3069972000,2148980400,920991600,59387,57775
Jun-24,01-06-2024,Model Y,48023,53000,2545219000,1781653300,763565700,49566,47692
Jul-24,01-07-2024,Model Y,41757,53000,2213121000,1549184700,663936300,42650,40712
Aug-24,01-08-2024,Model Y,64008,53000,3392424000,2374696800,1017727200,65447,63245
Sep-24,01-09-2024,Model Y,88617,53000,4696701000,3287690700,1409010300,90570,88183
Oct-24,01-10-2024,Model Y,99599,53000,5278747000,3695122900,1583624100,104326,98766
Nov-24,01-11-2024,Model Y,40707,53000,2157471000,1510229700,647241300,42005,40650
Dec-24,01-12-2024,Model Y,104368,53000,5531504000,3872052800,1659451200,107128,101334
Jan-25,01-01-2025,Model Y,69568,53000,3687104000,2580972800,1106131200,72715,69247
Feb-25,01-02-2025,Model Y,30652,53000,1624556000,1137189200,487366800,31813,30039
Mar-25,01-03-2025,Model Y,45067,53000,2388551000,1671985700,716565300,46609,44180
Apr-25,01-04-2025,Model Y,45111,53000,2390883000,1673618100,717264900,46998,44428
May-25,01-05-2025,Model Y,84666,53000,4487298000,3141108600,1346189400,87878,83293
Jun-25,01-06-2025,Model Y,36071,53000,1911763000,1338234100,573528900,37678,35853
Jul-25,01-07-2025,Model Y,76667,53000,4063351000,2844345700,1219005300,78826,75724
Aug-25,01-08-2025,Model Y,55326,53000,2932278000,2052594600,879683400,56954,55006
Sep-25,01-09-2025,Model Y,16960,53000,898880000,629216000,269664000,17368,16934
Jan-18,01-01-2018,Cybertruck,5304,68000,360672000,252470400,108201600,5493,5158
Feb-18,01-02-2018,Cybertruck,5096,68000,346528000,242569600,103958400,5331,5055
Mar-18,01-03-2018,Cybertruck,4943,68000,336124000,235286800,100837200,5154,4902
Apr-18,01-04-2018,Cybertruck,5023,68000,341564000,239094800,102469200,5251,4909
May-18,01-05-2018,Cybertruck,3112,68000,211616000,148131200,63484800,3234,3083
Jun-18,01-06-2018,Cybertruck,2612,68000,177616000,124331200,53284800,2738,2536
Jul-18,01-07-2018,Cybertruck,2499,68000,169932000,118952400,50979600,2593,2498
Aug-18,01-08-2018,Cybertruck,3435,68000,233580000,163506000,70074000,3562,3426
Sep-18,01-09-2018,Cybertruck,5853,68000,398004000,278602800,119401200,5991,5805
Oct-18,01-10-2018,Cybertruck,4930,68000,335240000,234668000,100572000,5165,4925
Nov-18,01-11-2018,Cybertruck,2862,68000,194616000,136231200,58384800,2987,2840
Dec-18,01-12-2018,Cybertruck,4639,68000,315452000,220816400,94635600,4849,4544
Jan-19,01-01-2019,Cybertruck,5004,68000,340272000,238190400,102081600,5200,4951
Feb-19,01-02-2019,Cybertruck,4700,68000,319600000,223720000,95880000,4826,4575
Mar-19,01-03-2019,Cybertruck,3277,68000,222836000,155985200,66850800,3429,3230
Apr-19,01-04-2019,Cybertruck,5033,68000,342244000,239570800,102673200,5243,4891
May-19,01-05-2019,Cybertruck,5598,68000,380664000,266464800,114199200,5844,5520
Jun-19,01-06-2019,Cybertruck,5280,68000,359040000,251328000,107712000,5436,5220
Jul-19,01-07-2019,Cybertruck,1813,68000,123284000,86298800,36985200,1872,1806
Aug-19,01-08-2019,Cybertruck,4968,68000,337824000,236476800,101347200,5070,4948
Sep-19,01-09-2019,Cybertruck,4461,68000,303348000,212343600,91004400,4550,4351
Oct-19,01-10-2019,Cybertruck,3297,68000,224196000,156937200,67258800,3455,3277
Nov-19,01-11-2019,Cybertruck,5365,68000,364820000,255374000,109446000,5473,5212
Dec-19,01-12-2019,Cybertruck,4233,68000,287844000,201490800,86353200,4368,4166
Jan-20,01-01-2020,Cybertruck,2426,68000,164968000,115477600,49490400,2516,2372
Feb-20,01-02-2020,Cybertruck,3981,68000,270708000,189495600,81212400,4152,3911
Mar-20,01-03-2020,Cybertruck,5701,68000,387668000,271367600,116300400,5904,5655
Apr-20,01-04-2020,Cybertruck,5760,68000,391680000,274176000,117504000,5894,5648
May-20,01-05-2020,Cybertruck,5741,68000,390388000,273271600,117116400,6002,5692
Jun-20,01-06-2020,Cybertruck,2406,68000,163608000,114525600,49082400,2457,2335
Jul-20,01-07-2020,Cybertruck,3598,68000,244664000,171264800,73399200,3716,3531
Aug-20,01-08-2020,Cybertruck,4873,68000,331364000,231954800,99409200,4988,4866
Sep-20,01-09-2020,Cybertruck,3828,68000,260304000,182212800,78091200,3994,3723
Oct-20,01-10-2020,Cybertruck,2709,68000,184212000,128948400,55263600,2843,2699
Nov-20,01-11-2020,Cybertruck,5685,68000,386580000,270606000,115974000,5878,5619
Dec-20,01-12-2020,Cybertruck,5485,68000,372980000,261086000,111894000,5717,5331
Jan-21,01-01-2021,Cybertruck,3246,68000,220728000,154509600,66218400,3402,3211
Feb-21,01-02-2021,Cybertruck,2595,68000,176460000,123522000,52938000,2711,2526
Mar-21,01-03-2021,Cybertruck,5436,68000,369648000,258753600,110894400,5573,5308
Apr-21,01-04-2021,Cybertruck,4800,68000,326400000,228480000,97920000,5033,4774
May-21,01-05-2021,Cybertruck,5588,68000,379984000,265988800,113995200,5709,5582
Jun-21,01-06-2021,Cybertruck,4972,68000,338096000,236667200,101428800,5148,4911
Jul-21,01-07-2021,Cybertruck,3398,68000,231064000,161744800,69319200,3483,3336
Aug-21,01-08-2021,Cybertruck,4263,68000,289884000,202918800,86965200,4411,4262
Sep-21,01-09-2021,Cybertruck,2002,68000,136136000,95295200,40840800,2091,1955
Oct-21,01-10-2021,Cybertruck,5191,68000,352988000,247091600,105896400,5411,5040
Nov-21,01-11-2021,Cybertruck,2707,68000,184076000,128853200,55222800,2808,2633
Dec-21,01-12-2021,Cybertruck,3822,68000,259896000,181927200,77968800,3943,3738
Jan-22,01-01-2022,Cybertruck,5050,68000,343400000,240380000,103020000,5285,5043
Feb-22,01-02-2022,Cybertruck,3019,68000,205292000,143704400,61587600,3082,2958
Mar-22,01-03-2022,Cybertruck,3738,68000,254184000,177928800,76255200,3874,3635
Apr-22,01-04-2022,Cybertruck,2983,68000,202844000,141990800,60853200,3065,2893
May-22,01-05-2022,Cybertruck,3274,68000,222632000,155842400,66789600,3410,3224
Jun-22,01-06-2022,Cybertruck,2575,68000,175100000,122570000,52530000,2700,2506
Jul-22,01-07-2022,Cybertruck,2515,68000,171020000,119714000,51306000,2571,2503
Aug-22,01-08-2022,Cybertruck,4599,68000,312732000,218912400,93819600,4812,4532
Sep-22,01-09-2022,Cybertruck,4162,68000,283016000,198111200,84904800,4348,4080
Oct-22,01-10-2022,Cybertruck,3889,68000,264452000,185116400,79335600,4030,3873
Nov-22,01-11-2022,Cybertruck,3477,68000,236436000,165505200,70930800,3638,3455
Dec-22,01-12-2022,Cybertruck,5500,68000,374000000,261800000,112200000,5650,5360
Jan-23,01-01-2023,Cybertruck,4376,68000,297568000,208297600,89270400,4556,4354
Feb-23,01-02-2023,Cybertruck,4874,68000,331432000,232002400,99429600,5107,4743
Mar-23,01-03-2023,Cybertruck,6024,68000,409632000,286742400,122889600,6280,5871
Apr-23,01-04-2023,Cybertruck,5818,68000,395624000,276936800,118687200,6102,5724
May-23,01-05-2023,Cybertruck,3054,68000,207672000,145370400,62301600,3190,2974
Jun-23,01-06-2023,Cybertruck,4630,68000,314840000,220388000,94452000,4754,4617
Jul-23,01-07-2023,Cybertruck,3716,68000,252688000,176881600,75806400,3881,3697
Aug-23,01-08-2023,Cybertruck,3610,68000,245480000,171836000,73644000,3710,3522
Sep-23,01-09-2023,Cybertruck,3548,68000,241264000,168884800,72379200,3684,3545
Oct-23,01-10-2023,Cybertruck,4064,68000,276352000,193446400,82905600,4159,3988
Nov-23,01-11-2023,Cybertruck,2569,68000,174692000,122284400,52407600,2661,2552
Dec-23,01-12-2023,Cybertruck,3516,68000,239088000,167361600,71726400,3616,3412
Jan-24,01-01-2024,Cybertruck,2930,68000,199240000,139468000,59772000,3073,2872
Feb-24,01-02-2024,Cybertruck,2313,68000,157284000,110098800,47185200,2371,2295
Mar-24,01-03-2024,Cybertruck,2390,68000,162520000,113764000,48756000,2504,2367
Apr-24,01-04-2024,Cybertruck,3265,68000,222020000,155414000,66606000,3423,3183
May-24,01-05-2024,Cybertruck,4571,68000,310828000,217579600,93248400,4671,4513
Jun-24,01-06-2024,Cybertruck,4989,68000,339252000,237476400,101775600,5097,4850
Jul-24,01-07-2024,Cybertruck,3831,68000,260508000,182355600,78152400,4007,3827
Aug-24,01-08-2024,Cybertruck,2055,68000,139740000,97818000,41922000,2123,2033
Sep-24,01-09-2024,Cybertruck,2947,68000,200396000,140277200,60118800,3072,2860
Oct-24,01-10-2024,Cybertruck,2906,68000,197608000,138325600,59282400,3035,2851
Nov-24,01-11-2024,Cybertruck,6298,68000,428264000,299784800,128479200,6569,6238
Dec-24,01-12-2024,Cybertruck,5889,68000,400452000,280316400,120135600,6034,5795
Jan-25,01-01-2025,Cybertruck,2263,68000,153884000,107718800,46165200,2337,2225
Feb-25,01-02-2025,Cybertruck,1834,68000,124712000,87298400,37413600,1899,1824
Mar-25,01-03-2025,Cybertruck,3252,68000,221136000,154795200,66340800,3338,3162
Apr-25,01-04-2025,Cybertruck,2973,68000,202164000,141514800,60649200,3052,2895
May-25,01-05-2025,Cybertruck,5778,68000,392904000,275032800,117871200,6058,5630
Jun-25,01-06-2025,Cybertruck,5958,68000,405144000,283600800,121543200,6207,5941
Jul-25,01-07-2025,Cybertruck,2581,68000,175508000,122855600,52652400,2682,2534
Aug-25,01-08-2025,Cybertruck,3578,68000,243304000,170312800,72991200,3697,3504
Sep-25,01-09-2025,Cybertruck,2569,68000,174692000,122284400,52407600,2689,2509
Jan-18,01-01-2018,Semi,214,200000,42800000,34240000,8560000,219,213
Feb-18,01-02-2018,Semi,65,200000,13000000,10400000,2600000,67,64
Mar-18,01-03-2018,Semi,269,200000,53800000,43040000,10760000,278,262
Apr-18,01-04-2018,Semi,266,200000,53200000,42560000,10640000,278,264
May-18,01-05-2018,Semi,128,200000,25600000,20480000,5120000,132,126
Jun-18,01-06-2018,Semi,260,200000,52000000,41600000,10400000,270,253
Jul-18,01-07-2018,Semi,207,200000,41400000,33120000,8280000,216,206
Aug-18,01-08-2018,Semi,177,200000,35400000,28320000,7080000,184,174
Sep-18,01-09-2018,Semi,255,200000,51000000,40800000,10200000,264,251
Oct-18,01-10-2018,Semi,133,200000,26600000,21280000,5320000,137,129
Nov-18,01-11-2018,Semi,312,200000,62400000,49920000,12480000,319,308
Dec-18,01-12-2018,Semi,308,200000,61600000,49280000,12320000,316,306
Jan-19,01-01-2019,Semi,169,200000,33800000,27040000,6760000,177,164
Feb-19,01-02-2019,Semi,63,200000,12600000,10080000,2520000,64,61
Mar-19,01-03-2019,Semi,166,200000,33200000,26560000,6640000,174,164
Apr-19,01-04-2019,Semi,60,200000,12000000,9600000,2400000,62,59
May-19,01-05-2019,Semi,151,200000,30200000,24160000,6040000,158,149
Jun-19,01-06-2019,Semi,239,200000,47800000,38240000,9560000,244,233
Jul-19,01-07-2019,Semi,153,200000,30600000,24480000,6120000,158,148
Aug-19,01-08-2019,Semi,92,200000,18400000,14720000,3680000,95,91
Sep-19,01-09-2019,Semi,251,200000,50200000,40160000,10040000,261,250
Oct-19,01-10-2019,Semi,146,200000,29200000,23360000,5840000,151,142
Nov-19,01-11-2019,Semi,266,200000,53200000,42560000,10640000,271,264
Dec-19,01-12-2019,Semi,213,200000,42600000,34080000,8520000,219,207
Jan-20,01-01-2020,Semi,136,200000,27200000,21760000,5440000,139,134
Feb-20,01-02-2020,Semi,172,200000,34400000,27520000,6880000,176,167
Mar-20,01-03-2020,Semi,102,200000,20400000,16320000,4080000,106,99
Apr-20,01-04-2020,Semi,172,200000,34400000,27520000,6880000,175,171
May-20,01-05-2020,Semi,152,200000,30400000,24320000,6080000,157,148
Jun-20,01-06-2020,Semi,265,200000,53000000,42400000,10600000,277,262
Jul-20,01-07-2020,Semi,99,200000,19800000,15840000,3960000,103,97
Aug-20,01-08-2020,Semi,158,200000,31600000,25280000,6320000,161,157
Sep-20,01-09-2020,Semi,181,200000,36200000,28960000,7240000,187,179
Oct-20,01-10-2020,Semi,176,200000,35200000,28160000,7040000,182,173
Nov-20,01-11-2020,Semi,162,200000,32400000,25920000,6480000,167,160
Dec-20,01-12-2020,Semi,64,200000,12800000,10240000,2560000,65,62
Jan-21,01-01-2021,Semi,84,200000,16800000,13440000,3360000,87,82
Feb-21,01-02-2021,Semi,258,200000,51600000,41280000,10320000,265,251
Mar-21,01-03-2021,Semi,176,200000,35200000,28160000,7040000,181,170
Apr-21,01-04-2021,Semi,93,200000,18600000,14880000,3720000,96,92
May-21,01-05-2021,Semi,199,200000,39800000,31840000,7960000,204,196
Jun-21,01-06-2021,Semi,113,200000,22600000,18080000,4520000,117,110
Jul-21,01-07-2021,Semi,75,200000,15000000,12000000,3000000,76,73
Aug-21,01-08-2021,Semi,230,200000,46000000,36800000,9200000,236,226
Sep-21,01-09-2021,Semi,143,200000,28600000,22880000,5720000,149,140
Oct-21,01-10-2021,Semi,73,200000,14600000,11680000,2920000,75,71
Nov-21,01-11-2021,Semi,164,200000,32800000,26240000,6560000,171,161
Dec-21,01-12-2021,Semi,103,200000,20600000,16480000,4120000,107,101
Jan-22,01-01-2022,Semi,191,200000,38200000,30560000,7640000,194,187
Feb-22,01-02-2022,Semi,249,200000,49800000,39840000,9960000,260,248
Mar-22,01-03-2022,Semi,57,200000,11400000,9120000,2280000,59,56
Apr-22,01-04-2022,Semi,235,200000,47000000,37600000,9400000,246,229
May-22,01-05-2022,Semi,286,200000,57200000,45760000,11440000,295,284
Jun-22,01-06-2022,Semi,287,200000,57400000,45920000,11480000,293,284
Jul-22,01-07-2022,Semi,260,200000,52000000,41600000,10400000,269,257
Aug-22,01-08-2022,Semi,56,200000,11200000,8960000,2240000,58,54
Sep-22,01-09-2022,Semi,118,200000,23600000,18880000,4720000,120,116
Oct-22,01-10-2022,Semi,295,200000,59000000,47200000,11800000,308,290
Nov-22,01-11-2022,Semi,311,200000,62200000,49760000,12440000,322,307
Dec-22,01-12-2022,Semi,294,200000,58800000,47040000,11760000,301,288
Jan-23,01-01-2023,Semi,268,200000,53600000,42880000,10720000,276,266
Feb-23,01-02-2023,Semi,48,200000,9600000,7680000,1920000,49,47
Mar-23,01-03-2023,Semi,244,200000,48800000,39040000,9760000,251,238
Apr-23,01-04-2023,Semi,80,200000,16000000,12800000,3200000,82,77
May-23,01-05-2023,Semi,63,200000,12600000,10080000,2520000,64,61
Jun-23,01-06-2023,Semi,131,200000,26200000,20960000,5240000,136,128
Jul-23,01-07-2023,Semi,62,200000,12400000,9920000,2480000,64,61
Aug-23,01-08-2023,Semi,95,200000,19000000,15200000,3800000,97,92
Sep-23,01-09-2023,Semi,170,200000,34000000,27200000,6800000,176,166
Oct-23,01-10-2023,Semi,253,200000,50600000,40480000,10120000,261,251
Nov-23,01-11-2023,Semi,97,200000,19400000,15520000,3880000,100,96
Dec-23,01-12-2023,Semi,192,200000,38400000,30720000,7680000,197,186
Jan-24,01-01-2024,Semi,146,200000,29200000,23360000,5840000,153,142
Feb-24,01-02-2024,Semi,77,200000,15400000,12320000,3080000,80,74
Mar-24,01-03-2024,Semi,176,200000,35200000,28160000,7040000,180,171
Apr-24,01-04-2024,Semi,108,200000,21600000,17280000,4320000,111,106
May-24,01-05-2024,Semi,255,200000,51000000,40800000,10200000,265,250
Jun-24,01-06-2024,Semi,305,200000,61000000,48800000,12200000,319,295
Jul-24,01-07-2024,Semi,247,200000,49400000,39520000,9880000,254,246
Aug-24,01-08-2024,Semi,79,200000,15800000,12640000,3160000,81,77
Sep-24,01-09-2024,Semi,227,200000,45400000,36320000,9080000,233,223
Oct-24,01-10-2024,Semi,200,200000,40000000,32000000,8000000,204,195
Nov-24,01-11-2024,Semi,135,200000,27000000,21600000,5400000,141,133
Dec-24,01-12-2024,Semi,59,200000,11800000,9440000,2360000,61,57
Jan-25,01-01-2025,Semi,51,200000,10200000,8160000,2040000,52,49
Feb-25,01-02-2025,Semi,259,200000,51800000,41440000,10360000,265,256
Mar-25,01-03-2025,Semi,109,200000,21800000,17440000,4360000,114,106
Apr-25,01-04-2025,Semi,207,200000,41400000,33120000,8280000,214,204
May-25,01-05-2025,Semi,185,200000,37000000,29600000,7400000,193,183
Jun-25,01-06-2025,Semi,281,200000,56200000,44960000,11240000,294,278
Jul-25,01-07-2025,Semi,73,200000,14600000,11680000,2920000,75,72
Aug-25,01-08-2025,Semi,171,200000,34200000,27360000,6840000,176,169
Sep-25,01-09-2025,Semi,139,200000,27800000,22240000,5560000,143,135
Jan-18,01-01-2018,Roadster,151,250000,37750000,34730000,3020000,156,135
Feb-18,01-02-2018,Roadster,175,250000,43750000,40250000,3500000,135,117
Mar-18,01-03-2018,Roadster,133,250000,33250000,30590000,2660000,249,215
Apr-18,01-04-2018,Roadster,232,250000,58000000,53360000,4640000,259,223
May-18,01-05-2018,Roadster,205,250000,51250000,47150000,4100000,194,167
Jun-18,01-06-2018,Roadster,134,250000,33500000,30820000,2680000,136,118
Jul-18,01-07-2018,Roadster,174,250000,43500000,40020000,3480000,232,200
Aug-18,01-08-2018,Roadster,196,250000,49000000,45080000,3920000,125,108
Sep-18,01-09-2018,Roadster,123,250000,30750000,28290000,2460000,267,231
Oct-18,01-10-2018,Roadster,219,250000,54750000,50370000,4380000,175,151
Nov-18,01-11-2018,Roadster,120,250000,30000000,27600000,2400000,156,135
Dec-18,01-12-2018,Roadster,178,250000,44500000,40940000,3560000,164,142
Jan-19,01-01-2019,Roadster,237,250000,59250000,54510000,4740000,199,172
Feb-19,01-02-2019,Roadster,186,250000,46500000,42780000,3720000,119,103
Mar-19,01-03-2019,Roadster,135,250000,33750000,31050000,2700000,244,211
Apr-19,01-04-2019,Roadster,231,250000,57750000,53130000,4620000,124,107
May-19,01-05-2019,Roadster,246,250000,61500000,56580000,4920000,211,182
Jun-19,01-06-2019,Roadster,110,250000,27500000,25300000,2200000,174,150
Jul-19,01-07-2019,Roadster,160,250000,40000000,36800000,3200000,219,189
Aug-19,01-08-2019,Roadster,193,250000,48250000,44390000,3860000,110,95
Sep-19,01-09-2019,Roadster,242,250000,60500000,55660000,4840000,199,172
Oct-19,01-10-2019,Roadster,140,250000,35000000,32200000,2800000,138,119
Nov-19,01-11-2019,Roadster,237,250000,59250000,54510000,4740000,237,204
Dec-19,01-12-2019,Roadster,122,250000,30500000,28060000,2440000,224,194
Jan-20,01-01-2020,Roadster,127,250000,31750000,29210000,2540000,149,128
Feb-20,01-02-2020,Roadster,147,250000,36750000,33810000,2940000,233,201
Mar-20,01-03-2020,Roadster,208,250000,52000000,47840000,4160000,158,137
Apr-20,01-04-2020,Roadster,154,250000,38500000,35420000,3080000,226,195
May-20,01-05-2020,Roadster,200,250000,50000000,46000000,4000000,227,196
Jun-20,01-06-2020,Roadster,116,250000,29000000,26680000,2320000,144,124
Jul-20,01-07-2020,Roadster,226,250000,56500000,51980000,4520000,201,174
Aug-20,01-08-2020,Roadster,160,250000,40000000,36800000,3200000,135,117
Sep-20,01-09-2020,Roadster,214,250000,53500000,49220000,4280000,217,187
Oct-20,01-10-2020,Roadster,230,250000,57500000,52900000,4600000,139,120
Nov-20,01-11-2020,Roadster,173,250000,43250000,39790000,3460000,208,180
Dec-20,01-12-2020,Roadster,165,250000,41250000,37950000,3300000,183,158
Jan-21,01-01-2021,Roadster,177,250000,44250000,40710000,3540000,171,147
Feb-21,01-02-2021,Roadster,229,250000,57250000,52670000,4580000,237,204
Mar-21,01-03-2021,Roadster,172,250000,43000000,39560000,3440000,127,109
Apr-21,01-04-2021,Roadster,219,250000,54750000,50370000,4380000,187,162
May-21,01-05-2021,Roadster,155,250000,38750000,35650000,3100000,208,180
Jun-21,01-06-2021,Roadster,146,250000,36500000,33580000,2920000,145,125
Jul-21,01-07-2021,Roadster,195,250000,48750000,44850000,3900000,208,180
Aug-21,01-08-2021,Roadster,132,250000,33000000,30360000,2640000,193,166
Sep-21,01-09-2021,Roadster,204,250000,51000000,46920000,4080000,184,159
Oct-21,01-10-2021,Roadster,219,250000,54750000,50370000,4380000,200,173
Nov-21,01-11-2021,Roadster,167,250000,41750000,38410000,3340000,120,104
Dec-21,01-12-2021,Roadster,192,250000,48000000,44160000,3840000,265,229
Jan-22,01-01-2022,Roadster,238,250000,59500000,54740000,4760000,273,236
Feb-22,01-02-2022,Roadster,181,250000,45250000,41630000,3620000,250,216
Mar-22,01-03-2022,Roadster,181,250000,45250000,41630000,3620000,153,132
Apr-22,01-04-2022,Roadster,139,250000,34750000,31970000,2780000,254,219
May-22,01-05-2022,Roadster,202,250000,50500000,46460000,4040000,220,190
Jun-22,01-06-2022,Roadster,128,250000,32000000,29440000,2560000,165,143
Jul-22,01-07-2022,Roadster,173,250000,43250000,39790000,3460000,213,184
Aug-22,01-08-2022,Roadster,100,250000,25000000,23000000,2000000,135,117
Sep-22,01-09-2022,Roadster,215,250000,53750000,49450000,4300000,231,200
Oct-22,01-10-2022,Roadster,190,250000,47500000,43700000,3800000,256,221
Nov-22,01-11-2022,Roadster,123,250000,30750000,28290000,2460000,232,200
Dec-22,01-12-2022,Roadster,196,250000,49000000,45080000,3920000,207,179
Jan-23,01-01-2023,Roadster,134,250000,33500000,30820000,2680000,196,169
Feb-23,01-02-2023,Roadster,194,250000,48500000,44620000,3880000,153,132
Mar-23,01-03-2023,Roadster,162,250000,40500000,37260000,3240000,152,131
Apr-23,01-04-2023,Roadster,155,250000,38750000,35650000,3100000,167,144
May-23,01-05-2023,Roadster,222,250000,55500000,51060000,4440000,144,124
Jun-23,01-06-2023,Roadster,149,250000,37250000,34270000,2980000,205,177
Jul-23,01-07-2023,Roadster,176,250000,44000000,40480000,3520000,230,199
Aug-23,01-08-2023,Roadster,116,250000,29000000,26680000,2320000,260,224
Sep-23,01-09-2023,Roadster,111,250000,27750000,25530000,2220000,175,151
Oct-23,01-10-2023,Roadster,110,250000,27500000,25300000,2200000,191,165
Nov-23,01-11-2023,Roadster,100,250000,25000000,23000000,2000000,173,149
Dec-23,01-12-2023,Roadster,150,250000,37500000,34500000,3000000,194,167
Jan-24,01-01-2024,Roadster,190,250000,47500000,43700000,3800000,142,123
Feb-24,01-02-2024,Roadster,189,250000,47250000,43470000,3780000,119,103
Mar-24,01-03-2024,Roadster,199,250000,49750000,45770000,3980000,129,111
Apr-24,01-04-2024,Roadster,198,250000,49500000,45540000,3960000,171,147
May-24,01-05-2024,Roadster,171,250000,42750000,39330000,3420000,139,120
Jun-24,01-06-2024,Roadster,195,250000,48750000,44850000,3900000,114,99
Jul-24,01-07-2024,Roadster,115,250000,28750000,26450000,2300000,144,124
Aug-24,01-08-2024,Roadster,239,250000,59750000,54970000,4780000,134,116
Sep-24,01-09-2024,Roadster,170,250000,42500000,39100000,3400000,211,182
Oct-24,01-10-2024,Roadster,210,250000,52500000,48300000,4200000,205,177
Nov-24,01-11-2024,Roadster,118,250000,29500000,27140000,2360000,226,195
Dec-24,01-12-2024,Roadster,130,250000,32500000,29900000,2600000,245,212
Jan-25,01-01-2025,Roadster,171,250000,42750000,39330000,3420000,138,119
Feb-25,01-02-2025,Roadster,160,250000,40000000,36800000,3200000,226,195
Mar-25,01-03-2025,Roadster,220,250000,55000000,50600000,4400000,180,156
Apr-25,01-04-2025,Roadster,239,250000,59750000,54970000,4780000,150,129
May-25,01-05-2025,Roadster,183,250000,45750000,42090000,3660000,138,119
Jun-25,01-06-2025,Roadster,230,250000,57500000,52900000,4600000,121,105
Jul-25,01-07-2025,Roadster,196,250000,49000000,45080000,3920000,129,111
Aug-25,01-08-2025,Roadster,173,250000,43250000,39790000,3460000,177,153
Sep-25,01-09-2025,Roadster,160,250000,40000000,36800000,3200000,275,238
Jan-18,01-01-2018,Others,139,55000,7645000,5351500,2293500,143,136
Feb-18,01-02-2018,Others,178,55000,9790000,6853000,2937000,181,176
Mar-18,01-03-2018,Others,622,55000,34210000,23947000,10263000,636,616
Apr-18,01-04-2018,Others,708,55000,38940000,27258000,11682000,732,707
May-18,01-05-2018,Others,200,55000,11000000,7700000,3300000,207,195
Jun-18,01-06-2018,Others,544,55000,29920000,20944000,8976000,563,534
Jul-18,01-07-2018,Others,145,55000,7975000,5582500,2392500,151,142
Aug-18,01-08-2018,Others,523,55000,28765000,20135500,8629500,539,513
Sep-18,01-09-2018,Others,625,55000,34375000,24062500,10312500,640,613
Oct-18,01-10-2018,Others,744,55000,40920000,28644000,12276000,759,730
Nov-18,01-11-2018,Others,529,55000,29095000,20366500,8728500,539,517
Dec-18,01-12-2018,Others,786,55000,43230000,30261000,12969000,817,766
Jan-19,01-01-2019,Others,147,55000,8085000,5659500,2425500,151,146
Feb-19,01-02-2019,Others,532,55000,29260000,20482000,8778000,558,528
Mar-19,01-03-2019,Others,285,55000,15675000,10972500,4702500,291,279
Apr-19,01-04-2019,Others,596,55000,32780000,22946000,9834000,617,586
May-19,01-05-2019,Others,407,55000,22385000,15669500,6715500,418,396
Jun-19,01-06-2019,Others,639,55000,35145000,24601500,10543500,654,626
Jul-19,01-07-2019,Others,623,55000,34265000,23985500,10279500,644,611
Aug-19,01-08-2019,Others,481,55000,26455000,18518500,7936500,503,472
Sep-19,01-09-2019,Others,653,55000,35915000,25140500,10774500,683,652
Oct-19,01-10-2019,Others,116,55000,6380000,4466000,1914000,120,115
Nov-19,01-11-2019,Others,240,55000,13200000,9240000,3960000,247,234
Dec-19,01-12-2019,Others,114,55000,6270000,4389000,1881000,119,111
Jan-20,01-01-2020,Others,297,55000,16335000,11434500,4900500,307,293
Feb-20,01-02-2020,Others,269,55000,14795000,10356500,4438500,276,268
Mar-20,01-03-2020,Others,285,55000,15675000,10972500,4702500,291,282
Apr-20,01-04-2020,Others,548,55000,30140000,21098000,9042000,566,532
May-20,01-05-2020,Others,299,55000,16445000,11511500,4933500,305,296
Jun-20,01-06-2020,Others,756,55000,41580000,29106000,12474000,789,735
Jul-20,01-07-2020,Others,104,55000,5720000,4004000,1716000,109,103
Aug-20,01-08-2020,Others,418,55000,22990000,16093000,6897000,438,417
Sep-20,01-09-2020,Others,310,55000,17050000,11935000,5115000,322,302
Oct-20,01-10-2020,Others,590,55000,32450000,22715000,9735000,609,582
Nov-20,01-11-2020,Others,473,55000,26015000,18210500,7804500,483,464
Dec-20,01-12-2020,Others,758,55000,41690000,29183000,12507000,775,757
Jan-21,01-01-2021,Others,289,55000,15895000,11126500,4768500,301,282
Feb-21,01-02-2021,Others,385,55000,21175000,14822500,6352500,397,375
Mar-21,01-03-2021,Others,693,55000,38115000,26680500,11434500,712,677
Apr-21,01-04-2021,Others,716,55000,39380000,27566000,11814000,744,705
May-21,01-05-2021,Others,289,55000,15895000,11126500,4768500,302,283
Jun-21,01-06-2021,Others,813,55000,44715000,31300500,13414500,836,812
Jul-21,01-07-2021,Others,425,55000,23375000,16362500,7012500,439,423
Aug-21,01-08-2021,Others,348,55000,19140000,13398000,5742000,361,339
Sep-21,01-09-2021,Others,621,55000,34155000,23908500,10246500,639,619
Oct-21,01-10-2021,Others,282,55000,15510000,10857000,4653000,288,276
Nov-21,01-11-2021,Others,234,55000,12870000,9009000,3861000,241,228
Dec-21,01-12-2021,Others,538,55000,29590000,20713000,8877000,563,532
Jan-22,01-01-2022,Others,480,55000,26400000,18480000,7920000,502,474
Feb-22,01-02-2022,Others,198,55000,10890000,7623000,3267000,206,197
Mar-22,01-03-2022,Others,625,55000,34375000,24062500,10312500,642,616
Apr-22,01-04-2022,Others,248,55000,13640000,9548000,4092000,258,243
May-22,01-05-2022,Others,401,55000,22055000,15438500,6616500,417,398
Jun-22,01-06-2022,Others,351,55000,19305000,13513500,5791500,358,343
Jul-22,01-07-2022,Others,684,55000,37620000,26334000,11286000,717,682
Aug-22,01-08-2022,Others,508,55000,27940000,19558000,8382000,519,503
Sep-22,01-09-2022,Others,535,55000,29425000,20597500,8827500,558,522
Oct-22,01-10-2022,Others,506,55000,27830000,19481000,8349000,528,501
Nov-22,01-11-2022,Others,821,55000,45155000,31608500,13546500,856,814
Dec-22,01-12-2022,Others,644,55000,35420000,24794000,10626000,662,635
Jan-23,01-01-2023,Others,460,55000,25300000,17710000,7590000,470,454
Feb-23,01-02-2023,Others,342,55000,18810000,13167000,5643000,356,333
Mar-23,01-03-2023,Others,484,55000,26620000,18634000,7986000,501,481
Apr-23,01-04-2023,Others,360,55000,19800000,13860000,5940000,376,352
May-23,01-05-2023,Others,582,55000,32010000,22407000,9603000,600,578
Jun-23,01-06-2023,Others,619,55000,34045000,23831500,10213500,637,614
Jul-23,01-07-2023,Others,360,55000,19800000,13860000,5940000,373,351
Aug-23,01-08-2023,Others,189,55000,10395000,7276500,3118500,197,186
Sep-23,01-09-2023,Others,697,55000,38335000,26834500,11500500,728,693
Oct-23,01-10-2023,Others,111,55000,6105000,4273500,1831500,115,108
Nov-23,01-11-2023,Others,542,55000,29810000,20867000,8943000,565,536
Dec-23,01-12-2023,Others,177,55000,9735000,6814500,2920500,185,176
Jan-24,01-01-2024,Others,207,55000,11385000,7969500,3415500,213,204
Feb-24,01-02-2024,Others,571,55000,31405000,21983500,9421500,586,556
Mar-24,01-03-2024,Others,596,55000,32780000,22946000,9834000,607,581
Apr-24,01-04-2024,Others,301,55000,16555000,11588500,4966500,312,295
May-24,01-05-2024,Others,156,55000,8580000,6006000,2574000,160,153
Jun-24,01-06-2024,Others,716,55000,39380000,27566000,11814000,740,708
Jul-24,01-07-2024,Others,391,55000,21505000,15053500,6451500,401,387
Aug-24,01-08-2024,Others,571,55000,31405000,21983500,9421500,594,567
Sep-24,01-09-2024,Others,258,55000,14190000,9933000,4257000,263,252
Oct-24,01-10-2024,Others,418,55000,22990000,16093000,6897000,427,406
Nov-24,01-11-2024,Others,218,55000,11990000,8393000,3597000,227,217
Dec-24,01-12-2024,Others,226,55000,12430000,8701000,3729000,235,222
Jan-25,01-01-2025,Others,477,55000,26235000,18364500,7870500,491,464
Feb-25,01-02-2025,Others,190,55000,10450000,7315000,3135000,196,184
Mar-25,01-03-2025,Others,763,55000,41965000,29375500,12589500,779,758
Apr-25,01-04-2025,Others,402,55000,22110000,15477000,6633000,422,401
May-25,01-05-2025,Others,260,55000,14300000,10010000,4290000,268,257
Jun-25,01-06-2025,Others,153,55000,8415000,5890500,2524500,156,150
Jul-25,01-07-2025,Others,159,55000,8745000,6121500,2623500,165,157
Aug-25,01-08-2025,Others,630,55000,34650000,24255000,10395000,653,614
Sep-25,01-09-2025,Others,672,55000,36960000,25872000,11088000,705,655
